username,timestamp,source_ip,location,status
david,2026-01-04 17:30:55,136.103.14.3,Singapore,Success
judy,2026-01-07 12:34:55,227.133.121.123,Brazil,Success
frank,2026-01-02 20:14:55,97.116.137.169,Brazil,Success
bob,2026-01-02 15:19:55,220.134.69.41,India,Success
grace,2026-01-01 23:40:55,45.200.96.161,Singapore,Success
charlie,2026-01-07 05:52:55,225.4.41.134,Australia,Success
ivan,2026-01-04 18:23:55,161.183.242.27,USA,Success
david,2026-01-08 07:10:55,49.252.178.234,Australia,Failed
ivan,2026-01-07 18:04:55,77.119.150.41,India,Failed
grace,2026-01-02 06:53:55,147.166.189.87,Brazil,Success
alice,2026-01-08 03:42:55,82.147.158.1,Germany,Failed
eve,2026-01-07 17:46:55,136.66.146.212,Germany,Success
grace,2026-01-03 19:22:55,243.153.251.8,USA,Success
ivan,2026-01-05 18:44:55,83.97.61.137,India,Success
eve,2026-01-07 03:15:55,229.138.39.80,India,Failed
frank,2026-01-02 05:17:55,18.129.193.33,Singapore,Failed
judy,2026-01-08 11:22:55,91.23.218.90,Germany,Success
heidi,2026-01-01 14:51:55,35.156.227.88,USA,Success
david,2026-01-02 04:14:55,214.217.210.183,Singapore,Failed
grace,2026-01-02 16:34:55,97.35.139.157,UK,Success
ivan,2026-01-03 07:44:55,173.198.24.195,Singapore,Success
charlie,2026-01-05 23:26:55,219.4.2.209,Brazil,Failed
charlie,2026-01-03 16:25:55,9.199.195.158,USA,Failed
judy,2026-01-01 18:25:55,26.252.96.250,Brazil,Success
ivan,2026-01-01 13:10:55,43.201.149.167,Australia,Success
alice,2026-01-07 21:37:55,118.198.122.186,UK,Failed
judy,2026-01-02 23:22:55,246.82.199.246,Australia,Success
frank,2026-01-02 05:33:55,205.204.39.167,Brazil,Failed
charlie,2026-01-02 12:23:55,34.136.153.189,Singapore,Success
eve,2026-01-06 11:32:55,204.179.132.81,Singapore,Success
judy,2026-01-03 07:11:55,178.161.181.195,UK,Success
eve,2026-01-05 13:29:55,179.79.214.131,USA,Success
eve,2026-01-08 01:50:55,132.102.239.220,Australia,Failed
heidi,2026-01-06 00:30:55,46.223.4.166,Australia,Failed
david,2026-01-01 12:04:55,233.30.4.200,India,Success
,2026-01-03 04:17:55,155.111.231.166,Germany,Failed
judy,2026-01-05 22:53:55,8.220.204.99,UK,Success
grace,2026-01-05 09:49:55,129.111.66.13,Germany,Success
heidi,2026-01-01 13:59:55,142.161.16.114,Brazil,Failed
eve,2026-01-03 15:53:55,95.115.109.12,Australia,Failed
bob,2026-01-05 00:11:55,177.4.79.221,Brazil,Success
eve,2026-01-07 12:19:55,167.241.90.132,Australia,Success
heidi,2026-01-03 15:41:55,12.101.95.207,Brazil,Success
charlie,2026-01-03 03:04:55,106.167.90.178,Germany,Failed
ivan,2026-01-05 19:10:55,206.76.246.17,Brazil,Success
judy,2026-01-05 10:20:55,6.246.210.90,UK,Success
bob,2026-01-06 10:45:55,97.34.17.169,Singapore,Success
charlie,2026-01-04 04:13:55,190.88.1.54,Germany,Success
bob,2026-01-02 06:58:55,12.99.58.139,Brazil,Success
heidi,2026-01-07 01:16:55,207.3.91.44,India,Failed
charlie,2026-01-07 02:29:55,14.144.206.246,USA,Failed
bob,2026-01-02 07:36:55,159.242.130.255,Brazil,Success
heidi,2026-01-03 18:07:55,69.139.123.132,USA,Success
grace,2026-01-04 00:36:55,129.231.28.137,USA,Failed
bob,2026-01-02 13:07:55,39.65.188.142,India,Success
judy,2026-01-05 23:43:55,63.250.251.138,,Success
judy,2026-01-03 23:50:55,114.32.151.109,USA,Success
grace,2026-01-06 09:51:55,170.13.170.100,Australia,Success
eve,2026-01-05 05:25:55,252.165.33.182,Australia,Failed
bob,2026-01-01 14:04:55,53.110.86.11,Brazil,Success
bob,2026-01-04 03:22:55,126.46.34.131,UK,Failed
charlie,2026-01-04 09:59:55,241.97.191.182,UK,Failed
frank,2026-01-04 03:13:55,180.28.194.54,Singapore,Failed
,2026-01-06 01:16:55,171.41.113.253,,Failed
grace,2026-01-03 12:35:55,82.37.187.11,Singapore,Success
frank,2026-01-07 01:34:55,156.220.19.179,Australia,Failed
charlie,2026-01-06 19:19:55,151.125.205.177,India,Failed
bob,2026-01-06 02:52:55,246.246.62.117,Germany,Failed
bob,2026-01-08 05:41:55,213.173.88.66,Australia,Failed
frank,2026-01-02 18:59:55,197.29.80.98,UK,Success
bob,2026-01-04 12:13:55,237.21.12.147,India,Failed
judy,2026-01-01 15:54:55,27.15.103.147,Singapore,Success
judy,2026-01-03 04:03:55,17.120.143.127,Singapore,Success
alice,2026-01-07 00:41:55,249.165.67.193,Singapore,Failed
ivan,2026-01-04 21:17:55,29.71.2.156,India,Success
alice,2026-01-07 13:12:55,230.163.250.202,Germany,Success
grace,2026-01-02 21:37:55,203.143.149.27,Germany,Success
charlie,2026-01-06 05:26:55,71.179.1.24,USA,Failed
frank,2026-01-07 22:36:55,191.122.184.48,Brazil,Failed
david,2026-01-02 03:27:55,73.1.139.63,USA,Failed
charlie,2026-01-01 17:28:55,104.72.234.140,India,Success
judy,2026-01-06 07:47:55,221.46.127.76,Australia,Success
alice,2026-01-07 07:50:55,89.184.146.244,Brazil,Success
grace,2026-01-05 03:37:55,42.169.250.126,USA,Failed
bob,2026-01-05 21:45:55,201.24.220.169,Germany,Success
heidi,2026-01-07 01:00:55,163.93.108.47,Singapore,Success
bob,2026-01-04 03:52:55,207.180.229.169,UK,Failed
frank,2026-01-06 05:38:55,238.232.253.112,USA,Failed
alice,2026-01-02 18:46:55,104.33.247.234,Brazil,Success
judy,2026-01-05 15:57:55,157.227.7.162,UK,Success
eve,2026-01-05 23:02:55,112.28.37.63,UK,Failed
alice,2026-01-02 07:49:55,29.158.213.92,India,Failed
judy,2026-01-03 01:47:55,54.57.162.132,USA,Failed
judy,2026-01-05 23:15:55,218.42.220.121,Australia,Success
ivan,2026-01-04 22:18:55,207.203.90.185,India,Success
ivan,2026-01-02 10:50:55,186.70.62.186,Australia,Success
judy,2026-01-02 04:16:55,64.98.77.177,USA,Failed
judy,2026-01-02 07:38:55,3.221.72.251,Australia,Failed
eve,2026-01-06 20:10:55,59.236.14.2,Australia,Success
judy,2026-01-07 23:04:55,211.189.215.162,Singapore,Failed
judy,2026-01-06 18:51:55,31.107.211.177,USA,Success
bob,2026-01-01 14:31:55,109.196.67.82,Singapore,Success
david,2026-01-03 21:12:55,116.165.78.175,USA,Success
bob,2026-01-04 09:59:55,15.48.110.44,Brazil,Failed
heidi,2026-01-07 16:43:55,249.211.83.202,Brazil,Success
eve,2026-01-08 06:45:55,242.187.255.149,Singapore,Success
david,2026-01-06 09:20:55,145.186.148.121,Australia,Success
alice,2026-01-04 17:08:55,58.142.45.161,Germany,Failed
charlie,2026-01-08 09:21:55,245.98.212.164,UK,Success
charlie,2026-01-05 02:56:55,193.171.206.48,UK,Failed
charlie,2026-01-06 05:07:55,69.190.200.245,Germany,Failed
frank,2026-01-06 17:51:55,54.176.68.254,Australia,Success
judy,2026-01-05 03:15:55,218.96.193.217,Australia,Failed
charlie,2026-01-08 04:05:55,243.77.30.190,Germany,Failed
bob,2026-01-06 08:40:55,164.245.61.136,Singapore,Success
charlie,2026-01-07 19:54:55,53.33.161.152,Brazil,Success
bob,2026-01-02 13:57:55,141.103.201.246,Brazil,Success
david,2026-01-06 11:24:55,244.222.97.96,USA,Success
frank,2026-01-01 22:48:55,16.113.136.165,India,Failed
,2026-01-01 12:48:55,142.190.67.147,UK,Failed
judy,2026-01-07 22:04:55,3.229.213.208,UK,Success
david,2026-01-06 02:04:55,80.210.183.134,Australia,Failed
ivan,2026-01-05 01:02:55,65.104.118.18,Singapore,Success
frank,2026-01-07 23:15:55,191.108.176.244,Singapore,Success
frank,2026-01-02 02:12:55,52.141.227.162,Australia,Failed
frank,2026-01-06 07:25:55,167.120.33.136,Australia,Failed
eve,2026-01-02 05:04:55,126.20.160.56,,Failed
alice,2026-01-06 02:35:55,73.35.11.72,Germany,Success
heidi,2026-01-08 08:39:55,241.179.199.122,Germany,Failed
grace,2026-01-02 19:13:55,111.67.249.148,Brazil,Failed
ivan,2026-01-05 18:12:55,43.39.118.145,Australia,Success
bob,2026-01-05 22:45:55,69.222.204.10,Brazil,Success
ivan,2026-01-02 10:23:55,246.116.90.51,Australia,Success
ivan,2026-01-05 19:40:55,106.198.204.65,Germany,Failed
alice,2026-01-06 01:52:55,61.246.17.250,Australia,Failed
eve,2026-01-07 02:43:55,153.208.240.61,UK,Failed
bob,2026-01-04 20:30:55,180.249.105.31,UK,Success
frank,2026-01-04 00:47:55,35.134.90.206,UK,Success
charlie,2026-01-07 04:28:55,13.163.207.107,India,Failed
alice,2026-01-04 14:41:55,198.254.18.164,UK,Success
grace,2026-01-05 18:04:55,86.202.152.95,USA,Success
grace,2026-01-06 04:58:55,115.122.21.209,India,Success
grace,2026-01-02 14:13:55,13.195.1.64,Germany,Success
frank,2026-01-05 06:33:55,247.78.100.203,Brazil,Success
grace,2026-01-05 03:26:55,27.208.156.178,UK,Success
david,2026-01-04 11:05:55,3.200.130.228,USA,Success
grace,2026-01-04 11:47:55,83.169.116.223,Australia,Success
bob,2026-01-01 22:00:55,65.130.54.80,India,Success
bob,2026-01-07 21:19:55,138.90.241.253,USA,Success
judy,2026-01-04 15:15:55,245.152.103.193,Singapore,Failed
eve,2026-01-02 13:45:55,210.218.76.124,UK,Success
grace,2026-01-07 17:09:55,70.59.136.176,Australia,Success
bob,2026-01-06 09:10:55,95.82.192.162,Germany,Failed
charlie,2026-01-05 09:12:55,137.157.125.229,USA,Success
frank,2026-01-02 19:28:55,243.179.205.129,India,Success
david,2026-01-05 17:25:55,114.159.18.107,USA,Success
ivan,2026-01-02 07:53:55,149.24.133.112,Brazil,Success
eve,2026-01-05 23:13:55,16.141.126.252,Singapore,Success
eve,2026-01-03 13:17:55,148.3.230.33,Singapore,Success
ivan,2026-01-08 05:06:55,23.212.229.66,Australia,Success
charlie,2026-01-04 16:11:55,36.148.75.68,India,Success
david,2026-01-04 04:13:55,112.47.74.248,UK,Failed
bob,2026-01-05 18:21:55,102.148.35.105,USA,Success
eve,2026-01-04 01:01:55,2.17.201.139,India,Failed
charlie,2026-01-03 17:15:55,38.83.163.248,Singapore,Success
judy,2026-01-06 00:48:55,27.41.66.206,Singapore,Failed
heidi,2026-01-06 05:39:55,221.233.207.139,India,Success
grace,2026-01-04 06:04:55,11.229.52.139,Australia,Success
frank,2026-01-03 16:33:55,191.56.221.237,India,Failed
charlie,2026-01-06 22:16:55,64.211.100.26,USA,Failed
charlie,2026-01-06 16:24:55,15.193.66.121,Australia,Success
david,2026-01-06 20:45:55,121.197.156.15,USA,Success
david,2026-01-07 07:35:55,12.83.255.79,Brazil,Success
david,2026-01-07 02:50:55,21.127.58.21,Brazil,Failed
charlie,2026-01-06 02:17:55,11.255.175.240,India,Success
eve,2026-01-03 09:29:55,143.81.126.241,Australia,Failed
alice,2026-01-05 19:21:55,97.147.217.96,Singapore,Failed
bob,2026-01-03 12:11:55,108.52.103.67,Singapore,Success
frank,2026-01-04 13:27:55,174.164.80.127,Brazil,Success
eve,2026-01-02 16:44:55,156.246.232.93,Germany,Success
david,2026-01-02 22:40:55,76.248.249.148,Singapore,Success
ivan,2026-01-06 12:17:55,43.213.140.162,Australia,Success
grace,2026-01-07 10:07:55,114.130.189.236,USA,Failed
bob,2026-01-02 16:13:55,221.109.205.207,Brazil,Success
ivan,2026-01-04 12:08:55,133.53.1.40,UK,Success
frank,2026-01-07 13:48:55,167.213.182.121,India,Success
heidi,2026-01-03 19:50:55,228.215.117.65,Australia,Success
heidi,2026-01-07 21:31:55,192.43.104.118,India,Success
grace,2026-01-05 07:22:55,236.249.194.214,Australia,Success
charlie,2026-01-07 16:35:55,57.114.250.134,India,Failed
david,2026-01-05 21:25:55,243.187.31.54,Germany,Failed
charlie,2026-01-08 03:53:55,67.148.248.39,Singapore,Success
ivan,2026-01-04 12:58:55,215.140.150.14,Australia,Success
charlie,2026-01-03 06:19:55,102.210.225.213,USA,Failed
bob,2026-01-07 10:58:55,44.224.63.82,Brazil,Success
judy,2026-01-05 04:11:55,227.19.32.76,Australia,Failed
judy,2026-01-04 23:25:55,204.8.245.15,UK,Success
ivan,2026-01-06 12:07:55,248.165.14.163,USA,Success
eve,2026-01-02 09:48:55,22.18.193.136,Brazil,Failed
alice,2026-01-05 02:43:55,162.151.169.194,USA,Failed
charlie,2026-01-04 09:59:55,241.97.191.182,UK,Failed
charlie,2026-01-03 03:04:55,106.167.90.178,Germany,Failed
